ImageId,EncodedPixels
00003e153.jpg,
0001124c7.jpg,
000155de5.jpg,264661 17 265429 33 266197 33 266965 33 267733 33 268501 33 269269 33 270037 33 270805 33 271573 33 ...
000194a2d.jpg,360486 1 361252 4 362019 5 362785 8 363552 10 364321 10 365090 9 365858 10 366627 10 367396 9 368165...
000194a2d.jpg,51834 9 52602 9 53370 9 54138 9 54906 9 55674 7 56442 7 57210 7 57978 7 58746 7 59514 7 60282 7 6105...
000194a2d.jpg,198320 10 199088 10 199856 10 200624 10 201392 10 202160 10 202928 10 203696 10 204464 10 205232 10 ...
000194a2d.jpg,55683 1 56451 1 57219 1 57987 1 58755 1 59523 1 60291 1
000194a2d.jpg,254389 9 255157 17 255925 17 256693 17 257461 17 258229 17 258997 17 259765 17 260533 17 261301 17 2...
0001b1832.jpg,
00021ddc3.jpg,108287 1 109054 3 109821 4 110588 5 111356 5 112123 6 112890 7 113657 8 114424 9 115191 10 115958 11...
00021ddc3.jpg,101361 1 102128 3 102896 4 103663 6 104430 9 105198 10 105209 1 105965 14 106732 14 107500 14 108267...
00021ddc3.jpg,74441 3 75207 5 75975 5 76743 5 77511 5 78280 4 79048 5 79816 5 80584 5 81352 5 82120 5 82888 6 8365...
00021ddc3.jpg,74444 4 75212 4 75980 4 76748 4 77517 3 78285 3 79053 4 79821 4 80589 4 81357 4 82125 4
00021ddc3.jpg,150423 2 151190 3 151958 3 152726 4 153495 3 154263 3
00021ddc3.jpg,139644 2 140408 6 141174 9 141942 9 142711 6 143479 2
00021ddc3.jpg,75972 3 76738 5 77506 5 78274 5 79042 6 79811 5 80579 5 81347 5 82115 5 82883 5 83651 6 84420 5 8518...
00021ddc3.jpg,86727 2 87493 4 88261 4 89030 3 89798 4 90566 4 91334 4 92103 3 92871 1
00021ddc3.jpg,95225 2 95992 5 96760 7 97527 9 98294 9 99062 9 99829 9 100596 9 101364 9 102132 8 102901 6 103671 3...
0002756f7.jpg,255784 2 256552 4 257319 7 258087 9 258854 12 259622 14 260389 16 261159 16 261929 16 262699 16 2634...
0002756f7.jpg,248878 1 249645 4 250413 6 251180 9 251948 10 252715 13 253482 16 254250 18 255019 18 255789 18 2565...
0002d0f32.jpg,
